,ip,os
0,1.2.10.43,CentOS 7.5
1,1.2.10.44,CentOS 7.5
2,1.2.10.45,CentOS 7.5
3,1.2.9.126,CentOS 7.5
4,1.2.10.46,CentOS 7.5
5,1.2.10.26,CentOS 7.5
6,1.2.10.37,CentOS 7.5
7,1.2.10.38,CentOS 7.5
8,1.2.10.39,CentOS 7.5
9,1.2.10.28,CentOS 7.5
10,1.2.10.30,CentOS 7.5
11,1.2.10.29,CentOS 7.5
12,1.2.10.32,CentOS 7.5
13,1.2.10.31,CentOS 7.5
14,1.2.10.34,CentOS 7.5
15,1.2.10.33,CentOS 7.5
16,1.2.9.39,CentOS 7.5
17,1.2.9.61,CentOS 7.5
18,1.2.9.64,CentOS 7.5
19,1.2.9.67,CentOS 7.5
20,1.2.9.70,CentOS 7.5
21,1.2.9.72,CentOS 7.5
22,1.2.10.35,CentOS 7.5
23,1.2.9.75,CentOS 7.5
24,1.2.9.78,CentOS 7.5
25,1.2.9.84,CentOS 7.5
26,1.2.9.86,CentOS 7.5
27,1.2.9.40,CentOS 7.5
28,1.2.9.41,CentOS 7.5
29,1.2.9.81,CentOS 7.5
30,1.2.9.43,CentOS 7.5
31,1.2.9.45,CentOS 7.5
32,1.2.9.42,CentOS 7.5
33,1.2.9.49,CentOS 7.5
34,1.2.9.53,CentOS 7.5
35,1.2.9.58,CentOS 7.5
36,1.2.9.114,CentOS 7.5
37,1.2.9.1,CentOS 7.5
38,1.2.9.11,CentOS 7.5
39,1.2.9.12,CentOS 7.5
40,1.2.9.13,CentOS 7.5
41,1.2.9.14,CentOS 7.5
42,1.2.9.10,CentOS 7.5
43,1.2.9.16,CentOS 7.5
44,1.2.9.17,CentOS 7.5
45,1.2.9.18,CentOS 7.5
46,1.2.9.19,CentOS 7.5
47,1.2.9.15,CentOS 7.5
48,1.2.9.2,CentOS 7.5
49,1.2.9.20,CentOS 7.5
50,1.2.9.22,CentOS 7.5
51,1.2.9.23,CentOS 7.5
52,1.2.9.24,CentOS 7.5
53,1.2.9.25,CentOS 7.5
54,1.2.9.26,CentOS 7.5
55,1.2.9.27,CentOS 7.5
56,1.2.9.28,CentOS 7.5
57,1.2.9.29,CentOS 7.5
58,1.2.9.21,CentOS 7.5
59,1.2.9.30,CentOS 7.5
60,1.2.9.31,CentOS 7.5
61,1.2.9.3,CentOS 7.5
62,1.2.9.32,CentOS 7.5
63,1.2.9.33,CentOS 7.5
64,1.2.9.35,CentOS 7.5
65,1.2.9.36,CentOS 7.5
66,1.2.9.34,CentOS 7.5
67,1.2.10.58,CentOS 7.5
68,1.2.9.37,CentOS 7.5
69,1.2.9.38,CentOS 7.5
70,1.2.9.4,CentOS 7.5
71,1.2.9.89,CentOS 7.5
72,1.2.9.6,CentOS 7.5
73,1.2.9.7,CentOS 7.5
74,1.2.9.8,CentOS 7.5
75,1.2.9.9,CentOS 7.5
76,1.2.9.44,CentOS 7.5
77,1.2.9.63,CentOS 7.5
78,1.2.9.65,CentOS 7.5
79,1.2.9.66,CentOS 7.5
80,1.2.9.68,CentOS 7.5
81,1.2.9.69,CentOS 7.5
82,1.2.9.5,CentOS 7.5
83,1.2.9.73,CentOS 7.5
84,1.2.9.74,CentOS 7.5
85,1.2.9.76,CentOS 7.5
86,1.2.9.77,CentOS 7.5
87,1.2.9.46,CentOS 7.5
88,1.2.9.79,CentOS 7.5
89,1.2.9.71,CentOS 7.5
90,1.2.9.50,CentOS 7.5
91,1.2.9.52,CentOS 7.5
92,1.2.9.54,CentOS 7.5
93,1.2.9.56,CentOS 7.5
94,1.2.9.59,CentOS 7.5
95,1.2.9.60,CentOS 7.5
96,2.1.9.176,CentOS 7.5
97,2.1.9.156,CentOS 7.5
98,2.1.9.157,CentOS 7.5
99,2.1.9.47,CentOS 7.5
100,2.1.9.48,CentOS 7.5
101,2.1.9.46,CentOS 7.5
102,2.1.8.103,CentOS 7.5
103,2.1.8.127,CentOS 7.5
104,2.1.8.128,CentOS 7.5
105,2.1.8.129,CentOS 7.5
106,2.1.8.130,CentOS 7.5
107,2.1.8.131,CentOS 7.5
108,2.1.8.220,CentOS 7.5
109,2.1.8.221,CentOS 7.5
110,2.1.8.222,CentOS 7.5
111,2.1.8.224,CentOS 7.5
112,2.1.8.223,CentOS 7.5
113,2.1.8.132,CentOS 7.5
114,2.1.8.225,CentOS 7.5
115,2.1.8.133,CentOS 7.5
116,2.1.8.107,CentOS 7.5
117,2.1.8.116,CentOS 7.5
118,1.2.9.47,CentOS 7.5
119,2.1.8.125,CentOS 7.5
120,2.1.8.126,CentOS 7.5
121,2.1.8.134,CentOS 7.5
122,2.1.8.187,CentOS 7.5
123,2.1.8.192,CentOS 7.5
124,2.1.8.193,CentOS 7.5
125,2.1.8.124,CentOS 7.5
126,2.1.8.37,CentOS 7.6
127,2.1.9.35,CentOS 7.5
128,2.1.8.232,CentOS 7.5
129,2.1.8.233,CentOS 7.5
130,2.1.8.236,CentOS 7.5
131,2.1.8.250,CentOS 7.5
132,2.1.8.238,CentOS 7.5
133,2.1.8.239,CentOS 7.5
134,2.1.8.240,CentOS 7.5
135,2.1.8.242,CentOS 7.5
136,2.1.8.251,CentOS 7.5
137,2.1.9.49,CentOS 7.5
138,2.1.8.243,CentOS 7.5
139,2.1.8.245,CentOS 7.5
140,2.1.8.246,CentOS 7.5
141,2.1.8.247,CentOS 7.5
142,2.1.8.248,CentOS 7.5
143,2.1.8.231,CentOS 7.5
144,2.1.8.234,CentOS 7.5
145,2.1.8.237,CentOS 7.5
146,2.1.8.241,CentOS 7.5
147,2.1.8.244,CentOS 7.5
148,2.1.8.252,CentOS 7.5
149,2.1.8.249,CentOS 7.5
150,2.1.8.135,CentOS 7.5
151,2.1.9.89,CentOS 7.5
152,2.1.9.90,CentOS 7.5
153,2.1.9.91,CentOS 7.5
154,2.1.9.92,CentOS 7.5
155,2.1.9.93,CentOS 7.5
156,2.1.8.146,CentOS 7.5
157,2.1.10.24,CentOS 7.5
158,2.1.10.27,CentOS 7.5
159,2.1.10.28,CentOS 7.5
160,2.1.10.29,CentOS 7.5
161,2.1.8.136,CentOS 7.5
162,2.1.10.30,CentOS 7.5
163,2.1.10.31,CentOS 7.5
164,2.1.10.32,CentOS 7.5
165,2.1.10.33,CentOS 7.5
166,2.1.10.34,CentOS 7.5
167,2.1.10.35,CentOS 7.5
168,2.1.10.36,CentOS 7.5
169,2.1.10.37,CentOS 7.5
170,2.1.8.137,CentOS 7.5
171,2.1.8.138,CentOS 7.5
172,2.1.8.139,CentOS 7.5
173,2.1.8.140,CentOS 7.5
174,2.1.8.141,CentOS 7.5
175,2.1.9.71,CentOS 7.5
176,2.1.9.88,CentOS 7.5
177,2.1.8.145,CentOS 7.5
178,2.1.8.144,CentOS 7.5
179,2.1.8.142,CentOS 7.5
180,2.1.8.143,CentOS 7.5
181,2.1.9.94,CentOS 7.5
182,2.1.9.95,CentOS 7.5
183,2.1.9.96,CentOS 7.5
184,1.1.2.86,NewshuntOS
185,1.1.2.87,NewshuntOS
186,1.1.2.61,NewshuntOS
187,1.1.2.62,NewshuntOS
188,1.1.3.43,NewshuntOS
189,1.1.3.44,NewshuntOS
190,1.1.3.45,NewshuntOS
191,1.1.3.46,CentOS 6.9
192,2.1.8.235,CentOS 7.5
193,1.1.10.40,CentOS 7.5
194,1.1.10.47,CentOS 7.5
195,1.1.10.129,CentOS 7.5
196,1.1.10.59,CentOS 7.2
197,1.1.10.130,CentOS 7.2
198,1.1.10.243,CentOS 7.5
199,1.1.10.250,CentOS 7.5
200,1.1.10.48,CentOS 7.5
201,1.1.10.49,CentOS 7.5
202,1.1.10.58,CentOS 7.5
203,1.1.10.43,CentOS 7.6
204,1.1.10.154,CentOS 7.6
205,1.1.10.174,CentOS 7.6
206,1.1.10.175,CentOS 7.6
207,1.1.10.177,CentOS 7.6
208,1.1.10.36,CentOS 7.5
209,1.1.10.176,CentOS 7.6
210,1.1.10.178,CentOS 7.6
211,1.1.10.151,CentOS 7.6
212,1.1.10.152,CentOS 7.6
213,1.1.10.182,CentOS 7.6
214,1.1.10.184,CentOS 7.6
215,1.1.10.155,CentOS 7.6
216,1.1.10.185,CentOS 7.6
217,1.1.10.186,CentOS 7.6
218,1.1.10.179,CentOS 7.6
219,1.1.10.181,CentOS 7.6
220,1.1.10.180,CentOS 7.6
221,1.1.10.162,CentOS 7.6
222,1.1.10.163,CentOS 7.6
223,1.1.10.164,CentOS 7.6
224,1.1.10.165,CentOS 7.6
225,1.1.10.166,CentOS 7.6
226,1.1.10.158,CentOS 7.6
227,1.1.10.188,CentOS 7.6
228,1.1.10.187,CentOS 7.6
229,1.1.10.189,CentOS 7.6
230,1.1.10.190,CentOS 7.6
231,1.1.10.167,CentOS 7.6
232,1.1.10.191,CentOS 7.6
233,1.1.10.168,CentOS 7.6
234,1.1.10.193,CentOS 7.6
235,1.1.10.192,CentOS 7.6
236,1.1.10.194,CentOS 7.6
237,1.1.10.160,CentOS 7.6
238,1.1.10.195,CentOS 7.6
239,1.1.10.159,CentOS 7.6
240,1.1.10.161,CentOS 7.6
241,1.1.10.171,CentOS 7.6
242,1.1.10.172,CentOS 7.6
243,1.1.10.173,CentOS 7.6
244,1.1.25.70,CentOS 7.5
245,1.1.2.123,CentOS 6.9
246,1.1.24.223,CentOS 6.9
247,1.1.2.121,CentOS 6.9
248,1.1.10.183,CentOS 7.6
249,1.1.1.61,NewshuntOS
250,1.1.1.58,NewshuntOS
251,1.1.2.26,CentOS 6.7
252,1.2.8.125,CentOS 7.5
253,1.2.8.134,CentOS 7.5
254,1.2.8.135,CentOS 7.5
255,1.2.8.136,CentOS 7.5
256,1.2.8.137,CentOS 7.5
257,1.2.8.139,CentOS 7.5
258,1.2.8.140,CentOS 7.5
259,1.2.8.142,CentOS 7.5
260,1.2.8.143,CentOS 7.5
261,1.2.8.126,CentOS 7.5
262,1.2.8.144,CentOS 7.5
263,1.2.8.145,CentOS 7.5
264,1.2.8.146,CentOS 7.5
265,1.2.8.147,CentOS 7.5
266,1.2.8.148,CentOS 7.5
267,1.2.8.149,CentOS 7.5
268,1.2.8.150,CentOS 7.5
269,1.2.8.151,CentOS 7.5
270,1.2.8.153,CentOS 7.5
271,1.2.8.127,CentOS 7.5
272,1.2.8.154,CentOS 7.5
273,1.2.8.155,CentOS 7.5
274,1.2.8.156,CentOS 7.5
275,1.2.8.157,CentOS 7.5
276,1.2.8.128,CentOS 7.5
277,1.2.8.129,CentOS 7.5
278,1.2.8.130,CentOS 7.5
279,1.2.8.131,CentOS 7.5
280,1.2.8.132,CentOS 7.5
281,1.2.8.133,CentOS 7.5
282,1.2.9.132,CentOS 7.5
283,1.2.9.141,CentOS 7.5
284,1.2.9.142,CentOS 7.5
285,1.2.9.143,CentOS 7.5
286,1.2.9.145,CentOS 7.5
287,1.2.9.144,CentOS 7.5
288,1.2.9.146,CentOS 7.5
289,1.2.9.148,CentOS 7.5
290,1.2.9.147,CentOS 7.5
291,1.2.9.149,CentOS 7.5
292,1.2.9.151,CentOS 7.5
293,1.1.1.60,NewshuntOS
294,1.2.9.127,CentOS 7.5
295,1.2.9.133,CentOS 7.5
296,1.2.9.150,CentOS 7.5
297,1.2.9.152,CentOS 7.5
298,1.2.9.153,CentOS 7.5
299,1.2.9.155,CentOS 7.5
300,1.2.9.156,CentOS 7.5
301,1.2.9.157,CentOS 7.5
302,1.2.9.130,CentOS 7.5
303,1.2.9.134,CentOS 7.5
304,1.2.9.131,CentOS 7.5
305,1.2.9.135,CentOS 7.5
306,1.2.9.136,CentOS 7.5
307,1.2.9.137,CentOS 7.5
308,1.2.9.138,CentOS 7.5
309,1.2.9.139,CentOS 7.5
310,1.2.9.140,CentOS 7.5
311,1.1.3.69,NewshuntOS
312,1.1.3.135,NewshuntOS
313,1.1.3.102,NewshuntOS
314,1.1.3.60,CentOS 6.6
315,1.1.3.61,CentOS 6.6
316,1.1.3.70,NewshuntOS
317,1.1.3.71,NewshuntOS
318,1.1.3.72,NewshuntOS
319,1.1.3.73,NewshuntOS
320,1.1.3.74,NewshuntOS
321,1.1.3.89,NewshuntOS
322,1.1.3.90,NewshuntOS
323,1.1.3.134,NewshuntOS
324,1.1.3.47,NewshuntOS
325,1.1.3.48,NewshuntOS
326,1.1.3.49,NewshuntOS
327,1.1.3.131,NewshuntOS
328,1.1.3.156,NewshuntOS
329,1.1.3.157,NewshuntOS
330,1.1.3.79,NewshuntOS
331,1.1.3.80,NewshuntOS
332,1.2.9.154,CentOS 7.5
333,1.1.132.50,CentOS 6.9
334,1.1.132.51,CentOS 6.9
335,1.1.132.46,CentOS 6.9
336,1.1.132.157,CentOS 6.7
337,1.1.132.48,CentOS 6.9
338,1.1.132.47,CentOS 7.3
339,1.1.132.41,CentOS 6.9
340,1.1.132.42,CentOS 6.9
341,1.1.132.97,CentOS 6.7
342,1.1.132.98,CentOS 6.7
343,1.1.132.99,CentOS 6.7
344,1.1.132.117,CentOS 6.7
345,1.1.132.118,CentOS 6.7
346,1.1.132.169,CentOS 7.3
347,1.1.132.170,CentOS 7.3
348,1.1.132.43,CentOS 6.9
349,1.1.132.44,CentOS 6.9
350,1.1.132.45,CentOS 6.9
351,1.1.10.38,CentOS 6.9
352,1.1.10.39,CentOS 6.9
353,1.1.3.50,NewshuntOS
354,1.1.3.51,NewshuntOS
355,1.1.3.52,NewshuntOS
356,1.1.3.53,NewshuntOS
357,1.1.3.54,NewshuntOS
358,1.1.3.55,NewshuntOS
359,1.1.3.108,NewshuntOS
360,1.1.3.109,NewshuntOS
361,1.1.3.132,NewshuntOS
362,1.1.10.209,CentOS 7.6
363,1.1.10.210,CentOS 7.6
364,1.1.10.211,CentOS 7.6
365,1.1.132.49,CentOS 6.9
366,1.1.10.50,CentOS 7.6
367,1.1.10.51,CentOS 7.6
368,1.1.10.52,CentOS 7.6
369,1.1.10.53,CentOS 7.6
370,1.1.10.54,CentOS 7.2
371,1.1.10.55,CentOS 7.2
372,1.1.10.56,CentOS 7.2
373,1.1.10.89,CentOS 7.2
374,1.1.10.111,CentOS 7.2
375,1.1.10.93,CentOS 7.2
376,1.1.10.94,CentOS 7.2
377,1.1.10.212,CentOS 7.6
378,1.1.10.95,CentOS 7.2
379,1.1.10.97,CentOS 7.2
380,1.1.10.96,CentOS 7.2
381,1.1.10.57,CentOS 7.2
382,1.1.10.84,CentOS 7.2
383,1.1.10.85,CentOS 7.2
384,1.1.10.83,CentOS 7.2
385,1.1.10.86,CentOS 7.2
386,1.1.10.90,CentOS 7.2
387,1.1.10.98,CentOS 7.6
388,1.1.10.75,CentOS 7.6
389,1.1.10.99,CentOS 7.6
390,1.1.10.65,CentOS 7.6
391,1.1.10.67,CentOS 7.6
392,1.1.10.68,CentOS 7.6
393,1.1.10.69,CentOS 7.6
394,1.1.10.71,CentOS 7.6
395,1.1.10.72,CentOS 7.6
396,1.1.10.73,CentOS 7.6
397,1.1.10.74,CentOS 7.6
398,1.1.10.24,CentOS 7.6
399,1.1.10.23,CentOS 7.6
400,1.1.10.21,CentOS 7.6
401,1.1.10.22,CentOS 7.6
402,1.1.10.19,CentOS 7.6
403,1.1.10.20,CentOS 7.6
404,1.1.10.18,CentOS 7.6
405,1.1.10.17,CentOS 7.6
406,1.1.10.11,CentOS 7.6
407,1.1.10.12,CentOS 7.6
408,1.1.10.6,CentOS 7.6
409,1.1.10.34,CentOS 7.6
410,1.1.10.35,CentOS 7.6
411,1.1.10.45,CentOS 7.6
412,1.1.10.46,CentOS 7.6
413,1.1.10.247,CentOS 7.6
414,1.1.10.248,CentOS 7.6
415,1.1.10.7,CentOS 7.6
416,1.1.10.8,CentOS 7.6
417,1.1.10.9,CentOS 7.6
418,1.1.10.26,CentOS 7.6
419,1.1.10.28,CentOS 7.6
420,1.1.10.32,CentOS 7.6
421,1.1.10.29,CentOS 7.6
422,1.1.10.27,CentOS 7.6
423,1.1.10.115,CentOS 7.6
424,1.1.10.117,CentOS 7.6
425,1.1.10.118,CentOS 7.6
426,1.1.10.119,CentOS 7.6
427,1.1.10.112,CentOS 7.6
428,1.1.10.121,CentOS 7.6
429,1.1.24.42,NewshuntOS
430,1.1.24.27,NewshuntOS
431,1.1.3.81,NewshuntOS
432,1.1.3.82,NewshuntOS
433,1.1.3.86,NewshuntOS
434,1.1.3.87,NewshuntOS
435,1.1.3.88,NewshuntOS
436,1.1.3.75,NewshuntOS
437,1.1.3.76,NewshuntOS
438,1.1.10.4,CentOS 7.7
439,1.1.10.66,CentOS 7.6
440,1.1.10.87,CentOS 7.2
441,1.1.10.88,CentOS 7.2
442,1.1.10.31,CentOS 7.7
443,1.1.10.33,CentOS 7.7
